[
  {
    "id": 1,
    "name": "VIP6 ডিনার ২৪ অক্টোবর, ২০২৫",
    "image": "https://i.ibb.co.com/wn1G4WN/farm-workers-day.jpg",
    "view": 1200
  },
  {
    "id": 2,
    "name": "বিনিয়োগ চুক্তি",
    "image":  "https://i.ibb.co.com/MyTyFZNP/360-F-745552793-haz9-CFRMu5m-K5m-Y0-Xi-LV9-Na0fxewu-FHR.jpg",
    "view": 980
  },
  {
    "id": 3,
    "name": "প্রায়শই জিজ্ঞাসিত প্রশ্নাবলী",
    "image": "https://i.ibb.co.com/prWM75X8/potato-plantations-grow-field-vegetable-rows-farming-agriculture-landscape-1-1200x795.jpg",
    "view": 1500
  },
  {
    "id": 4,
    "name": "বীজ কোম্পানি",
    "image":     "https://i.ibb.co.com/gMk2K8zP/students-engage-various-activities-to-honor-national-agriculture-day-showcasing-beauty-farming-natur.webp",
    "view": 700
  },
  {
    "id": 5,
    "name": "রবিবার ২২ অক্টোবর ২০২৩",
    "image":  "https://i.ibb.co.com/qFkgTB1B/1747063226-9.jpg",
    "view": 1820
  },
  {
    "id": 6,
    "name": "আমাদের দলে যোগ দিন।",
    "image": "https://i.ibb.co.com/3yDdSHZH/bangladesh-november-25-2014-farmer-600nw-1474586672.webp",
    "view": 1100
  }
  
]
