[
  {
    "id": 1,
    "image": "https://s.agricare.club/uploads/image/2512/4e723235a00caa.jpg",
    "date": "01/12/2025",
    "mobile": "01711111111",
    "comment": "আলহামদুলিল্লাহ, টাকা হাতে পেয়ে গেছি মাত্র কয়েক মিনিটে! 🥰 এগ্রিক কেয়ার সত্যিই বিশ্বাসযোগ্য। আল্লাহ সবাইকে ভালো রাখুক ❤️🫂"
  },
  {
    "id": 2,
    "image": "https://s.agricare.club/uploads/image/2512/57fc8526773e43.jpg",
    "date": "01/12/2025",
    "mobile": "01722222222",
    "comment": "ভাবছিলাম সময় লাগবে, কিন্তু ৫ মিনিটের মধ্যেই টাকা পেয়ে গেলাম 😍 ধন্যবাদ এগ্রিক কেয়ার টিমকে। মুসলমানরা কখনো প্রতারণা করে না ❤️"
  },
  {
    "id": 3,
    "image": "https://s.agricare.club/uploads/image/2512/76effa75ec02fe.jpg",
    "date": "01/12/2025",
    "mobile": "01733333333",
    "comment": "এগ্রিক কেয়ারকে সালাম! এত দ্রুত টাকা পাঠাবে ভাবিনি 🤲🥰 সত্যিই ভরসা করার মতো একটি প্ল্যাটফর্ম ❤️🫂"
  },
  {
    "id": 4,
    "image": "https://s.agricare.club/uploads/image/2512/c108dfc98a2224.jpg",
    "date": "01/12/2025",
    "mobile": "01744444444",
    "comment": "আমার টাকা রিকোয়েস্ট করার ৪-৫ মিনিট পরেই পেয়ে গেলাম 😍😍 আল্লাহ তাদের প্রতি রহমত বর্ষণ করুন। বিশ্বাসের জায়গা এগ্রিক কেয়ার ❤️"
  },
  {
    "id": 5,
    "image": "https://s.agricare.club/uploads/image/2512/da7383d8a9eaf8.jpg",
    "date": "01/12/2025",
    "mobile": "01755555555",
    "comment": "ট্রাস্ট করা যায় বলেই করেছিলাম — আর সত্যি ৫ মিনিটেই টাকা পেলাম 🥰 এগ্রিক কেয়ারের জন্য দু‘আ রইল ❤️🫂"
  },
  {
    "id": 6,
    "image": "https://s.agricare.club/uploads/image/2512/650091820d951d.jpg",
    "date": "01/12/2025",
    "mobile": "01766666666",
    "comment": "এটা প্রথমবার ট্রাই করলাম, এবং সত্যি সত্যি টাকা পেলাম! 😍 মাত্র কয়েক মিনিটে। বিশ্বাস করার মতো জায়গা ❤️"
  },
  {
    "id": 7,
    "image": "https://s.agricare.club/uploads/image/2512/79abc54320e66f.jpg",
    "date": "01/12/2025",
    "mobile": "01777777777",
    "comment": "এগ্রিক কেয়ার সত্যিই অসাধারণ! ৫ মিনিটেই টাকা পেয়ে গেলাম 🥰 মুসলমানরা কখনো কাউকে ঠকায় না ❤️🫂"
  },
  {
    "id": 8,
    "image": "https://s.agricare.club/uploads/image/2512/c3c165a1878a11.jpg",
    "date": "01/12/2025",
    "mobile": "01788888888",
    "comment": "আলহামদুলিল্লাহ, রিকোয়েস্ট করার পরেই টাকা পেলাম 😍😍 ধন্যবাদ এগ্রিক কেয়ার টিম। দোয়া রইল ❤️"
  },
  {
    "id": 9,
    "image": "https://s.agricare.club/uploads/image/2512/c3c165a1878a11.jpg",
    "date": "01/12/2025",
    "mobile": "01799999999",
    "comment": "অনেক জায়গায় দেখেছি, কিন্তু এখানে সত্যিই টাকা দেয়! 🥰 ৫ মিনিটে পেয়ে গেলাম। বিশ্বাসের ১০০% জায়গা ❤️🫂"
  },
  {
    "id": 10,
    "image": "https://s.agricare.club/uploads/image/2512/f0129c70e4e7f1.jpg",
    "date": "01/12/2025",
    "mobile": "01800000000",
    "comment": "এত ফাস্ট সার্ভিস আশা করিনি! 😍 খুব অল্প সময়ে টাকা পেয়ে গেলাম। এগ্রিক কেয়ারকে অনেক ধন্যবাদ ❤️"
  }
]
