[
  {
    "id": 1,
    "name": "VIP6 ডিনার ২৪ অক্টোবর, ২০২৫",
    "image": "https://agricare.club/uploads/image/2510/0bf5e49c9cdc03.jpg",
    "view": 1200
  },
  {
    "id": 2,
    "name": "বিনিয়োগ চুক্তি",
    "image": "https://agricare.club/uploads/image/2510/6d339c1fa2a6d5.jpg",
    "view": 980
  },
  {
    "id": 3,
    "name": "প্রায়শই জিজ্ঞাসিত প্রশ্নাবলী",
    "image": "https://agricare.club/uploads/image/2510/de27df396ecc26.jpg",
    "view": 1500
  },
  {
    "id": 4,
    "name": "বীজ কোম্পানি",
    "image": "https://agricare.club/uploads/image/2510/2b91289234f77c.jpg",
    "view": 700
  },
  {
    "id": 5,
    "name": "রবিবার ২২ অক্টোবর ২০২৩",
    "image": "https://agricare.club/uploads/image/2510/ecc6e17f408c1c.jpg",
    "view": 1820
  },
  {
    "id": 6,
    "name": "আমাদের দলে যোগ দিন।",
    "image": "https://agricare.club/uploads/image/2510/f19b0c44b54f85.jpg",
    "view": 1100
  },
  {
    "id": 7,
    "name": "পুরষ্কার এবং অর্জন",
    "image": "https://agricare.club/uploads/image/2510/ab30a92ac43ffa.jpg",
    "view": 640
  },
  {
    "id": 8,
    "name": "আমাদের বিনিয়োগকারীরা",
    "image": "https://agricare.club/uploads/image/2510/e7e9c01ac790b5.jpg",
    "view": 2020
  }
]
